Indiana Jones,GAME,https://www.game.es/VIDEOJUEGOS/AVENTURA/PLAYSTATION-5/INDIANA-JONES-AND-THE-GREAT-CIRCLE/240393
God of War Ragnarok,GAME,https://www.game.es/VIDEOJUEGOS/AVENTURA/PLAYSTATION-5/GOD-OF-WAR-RAGNAR%C3%96K/206644
The Last Of Us II,GAME,https://www.game.es/VIDEOJUEGOS/AVENTURA/PLAYSTATION-5/THE-LAST-OF-US-PARTE-II-REMASTERED/226221
Resident Evil 2 Remastered,,
Indiana Jones,ECI,https://www.elcorteingles.es/videojuegos/A55341263-indiana-jones-y-el-gran-circulo-playstation-5
God of War Ragnarok,ECI,https://www.elcorteingles.es/videojuegos/A44473002-god-of-war-ragnarok-edicion-estandar-playstation-5
Horizon Zero Dawn,ECI,https://www.elcorteingles.es/videojuegos/A53190084-juego-para-playstation-5-horizon-zero-dawn-remasterizado
Metal Gear Solid Snake Eater,ECI,https://www.elcorteingles.es/videojuegos/A52039132-metal-gear-solid-snake-eater-day-one-edition-playstation-5
God of War Ragnarok,CARREFOUR,https://www.carrefour.es/god-of-war-ragnarok-para-ps5/VC4A-19120929/p
Indiana Jones,CARREFOUR,https://www.carrefour.es/indiana-jones-y-el-gran-circulo-para-ps5/VC4A-30252337/p
The Last Of Us II,CARREFOUR,https://www.carrefour.es/the-last-of-us-parte-ii-remastered-para-ps5/VC4A-25326099/p
Indiana Jones,MEDIAMARKT,https://www.mediamarkt.es/es/product/_ps5-indiana-jones-y-el-gran-circulotm-1597165.html
Nintendo Switch,MEDIAMARKT,https://www.mediamarkt.es/es/product/_consola-nintendo-switch-2-79-full-hd-hdr-120-hz-256-gb-magnetic-joy-con-2-con-modo-raton-azul-y-rojo-neon-juego-mario-kart-world-1598254.html
God of War Ragnarok,MEDIAMARKT,https://www.mediamarkt.es/es/product/_ps5-god-of-war-ragnarok-1536839.html
God of War Ragnarok,PSN,https://www.playstation.com/es-es/games/god-of-war-ragnarok
Indiana Jones,PSN,https://www.playstation.com/es-es/games/indiana-jones-and-the-great-circle